,gdp_pc_1000USD,labor_prod_1000USD
Vietnam,2.082243694,1.306462924
Lebanon,5.858237956,7.871657665
Kenya,1.237497499,1.119891127
Mongolia,4.350162157,5.443674285
Panama,11.91015534,4.429575