,gdp_pc_1000USD,lapor_prod_1000USD
Albania,5.209362832,6.13498578
Guatemala,3.413270037,2.891942271
Chad,0.813719895,1.536503488
Greece,24.02423399,19.90754462
Korea Rep,28.60573201,24.85285935